Personal Variant, Contained in samples
NC_000022.11:g.42125924>G, 145
NC_000022.11:g.42125980>C, 59
NC_000022.11:g.42126069>C, 146
NC_000022.11:g.42132027>T, 143
NC_000022.11:g.42132844>A, 147
NC_000022.11:g.42132851>C, 147
NC_000022.11:g.42132969>T, 67
NC_000022.11:g.42133212>G, 71
NC_000022.11:g.42133314>T, 59
NC_000022.11:g.42133400>G, 147
NC_000022.11:g.42134089_42134090delinsA, 147
NC_000022.11:g.42134820>G, 153
NC_000022.11:g.42135058delinsAAAC, 146
NC_000022.11:g.42135201>C, 146
NC_000022.11:g.42126132_42126135delinsC, 66
NC_000022.11:g.42132024delinsATCCTT, 47
NC_000022.11:g.42132561>T, 64
NC_000022.11:g.42133533>C, 76
NC_000022.11:g.42135691>C, 75
NC_000022.11:g.42134276_42134277delinsT, 9
NC_000022.11:g.42132024delinsATCCTTT, 47
NC_000022.11:g.42133359>G, 4
NC_000022.11:g.42125572>A, 19
NC_000022.11:g.42133923>T, 4
NC_000022.11:g.42125744>A, 2
NC_000022.11:g.42125620delinsGGGGTGGGGAA, 10
NC_000022.11:g.42134321>A, 4
NC_000022.11:g.42134417>A, 4
NC_000022.11:g.42132049delinsTTTG, 2
NC_000022.11:g.42132889>G, 2
NC_000022.11:g.42133625>T, 2
NC_000022.11:g.42132027_42132028delinsC, 2
NC_000022.11:g.42125620_42125640delinsG, 3
NC_000022.11:g.42132027delinsCT, 156
NC_000022.11:g.42125620_42125630delinsG, 6
NC_000022.11:g.42126022>T, 14
NC_000022.11:g.42126079>T, 12
NC_000022.11:g.42127399>C, 6
NC_000022.11:g.42127403_42127404delinsC, 6
NC_000022.11:g.42125860>T, 6
NC_000022.11:g.42135083>A, 10
NC_000022.11:g.42135456>G, 2
NC_000022.11:g.42125634>A, 4
NC_000022.11:g.42133323>T, 7
NC_000022.11:g.42135192>C, 7
NC_000022.11:g.42132531>A, 4
NC_000022.11:g.42133149>T, 2
NC_000022.11:g.42134356>A, 2
NC_000022.11:g.42133330>T, 4
