HGVS, RSID, Consequences
NC_000022.11:g.42125924>G, rs34385013
NC_000022.11:g.42125980>C, rs4078247
NC_000022.11:g.42126069>C, rs35028622, downstream_transcript_variant
NC_000022.11:g.42132027>T, rs139702605, upstream_transcript_variant
NC_000022.11:g.42132844>A, rs28680494
NC_000022.11:g.42132851>C, rs28439297
NC_000022.11:g.42132969>T, rs28360521
NC_000022.11:g.42133212>G, rs28568508
NC_000022.11:g.42133314>T, rs28566059
NC_000022.11:g.42133400>G, rs28542726
NC_000022.11:g.42134089_42134090delinsA, rs34439031
NC_000022.11:g.42134820>G, rs28579115
NC_000022.11:g.42135058delinsAAAC, rs141606817
NC_000022.11:g.42135201>C, rs28670611
NC_000022.11:g.42126132_42126135delinsC, rs71184866, downstream_transcript_variant
NC_000022.11:g.42132024delinsATCCTT, rs1292475757, upstream_transcript_variant
NC_000022.11:g.42132561>T, rs1080983, upstream_transcript_variant
NC_000022.11:g.42133533>C, rs28369142
NC_000022.11:g.42135691>C, rs9623531
NC_000022.11:g.42134276_42134277delinsT, rs139731829
NC_000022.11:g.42132024delinsATCCTTT, rs1292475757, upstream_transcript_variant
NC_000022.11:g.42133359>G, rs118017929
NC_000022.11:g.42125572>A, rs201551607
NC_000022.11:g.42133923>T, rs28842514
NC_000022.11:g.42125744>A, rs143368153
NC_000022.11:g.42125890>A, rs565173190
NC_000022.11:g.42125913>C, rs532182046
NC_000022.11:g.42125915>G, rs562602203
NC_000022.11:g.42125946>G, rs111265642
NC_000022.11:g.42128876>T, rs538707090, missense_variant, coding_sequence_variant
NC_000022.11:g.42135294>A, rs28375182
NC_000022.11:g.42125620delinsGGGGTGGGGAA, rs536156813
NC_000022.11:g.42134321>A, rs78861686
NC_000022.11:g.42134417>A, rs74817548
NC_000022.11:g.42132027_42132031delinsC, rs267608321, upstream_transcript_variant
NC_000022.11:g.42132049delinsTTTG, rs1932412628, upstream_transcript_variant
NC_000022.11:g.42132889>G, rs137873280
NC_000022.11:g.42133625>T, rs149426555
NC_000022.11:g.42133060>G, rs550826504
NC_000022.11:g.42132027_42132028delinsC, rs267608321, upstream_transcript_variant
NC_000022.11:g.42129949>A, rs79712708, intron_variant
NC_000022.11:g.42135415>A, rs532781758
NC_000022.11:g.42125620_42125640delinsG, rs536156813
NC_000022.11:g.42132027delinsCT, rs267608321, upstream_transcript_variant
NC_000022.11:g.42126074>A, rs77827855, downstream_transcript_variant
NC_000022.11:g.42133558_42133559delinsG, rs149783932
NC_000022.11:g.42129037>A, rs1135825, missense_variant, synonymous_variant, coding_sequence_variant
NC_000022.11:g.42128088>A, rs74516776, intron_variant
NC_000022.11:g.42133169>C, rs138419008
NC_000022.11:g.42125620_42125630delinsG, rs536156813
NC_000022.11:g.42134634>A, rs28641480
NC_000022.11:g.42135665_42135668delinsC, rs550624295
NC_000022.11:g.42126022>T, rs4078248, downstream_transcript_variant
NC_000022.11:g.42126079>T, rs4078249, downstream_transcript_variant
NC_000022.11:g.42127399>C, rs749640268, intron_variant
NC_000022.11:g.42127403_42127404delinsC, rs1295771338, intron_variant
NC_000022.11:g.42125860>T, rs112866416
NC_000022.11:g.42135083>A, rs75420358
NC_000022.11:g.42135456>G, rs968001414
NC_000022.11:g.42125634>A, rs374153932
NC_000022.11:g.42133578>A, rs188016342
NC_000022.11:g.42133323>T, rs76404195
NC_000022.11:g.42135192>C, rs80019456
NC_000022.11:g.42132531>A, rs58188898, upstream_transcript_variant
NC_000022.11:g.42133149>T, rs73887946
NC_000022.11:g.42134356>A, rs142188003
NC_000022.11:g.42126944>T, rs78762568, missense_variant, coding_sequence_variant
NC_000022.11:g.42135383>G, rs62239768
NC_000022.11:g.42127167>G, rs1471402915, intron_variant
NC_000022.11:g.42125620delinsGGGGTGGGGAAGGGTGGGGAA, rs536156813
NC_000022.11:g.42133330>T, rs114585373
NC_000022.11:g.42131688>G, rs570232272, upstream_transcript_variant
NC_000022.11:g.42134424>T, rs556885745
NC_000022.11:g.42127477>A, rs61736515, coding_sequence_variant, synonymous_variant
NC_000022.11:g.42135176>G, rs73425407
NC_000022.11:g.42135014>G, rs144675432
NC_000022.11:g.42125581>A, rs2146923671
NC_000022.11:g.42127269_42127295delinsA, rs1425556746, intron_variant